{
  "mae": 0.3295671451418016,
  "rmse": 0.7183745108551326,
  "mape": 30.93680950738415,
  "wape": 23.780131591213618,
  "bias": -0.11196259525969601
}