{
  "LastValue": {
    "mae": 0.5095357142857142,
    "rmse": 0.8317695851960102,
    "mape": 56.91001623073113,
    "wape": 36.76588068547867,
    "bias": 0.07170714285714287
  },
  "MovingAverage_7": {
    "mae": 0.44569897959183674,
    "rmse": 0.7945590549712052,
    "mape": 45.4981275839494,
    "wape": 32.159699596885524,
    "bias": -0.11522142857142857
  },
  "MovingAverage_14": {
    "mae": 0.4589877551020408,
    "rmse": 0.8136430860202596,
    "mape": 47.65796589627531,
    "wape": 33.11855983212767,
    "bias": -0.09370714285714288
  },
  "SeasonalNaive_7": {
    "mae": 0.5299785714285714,
    "rmse": 0.9346108815972561,
    "mape": 53.90252222643238,
    "wape": 38.240948331400595,
    "bias": -0.11522142857142857
  }
}