,mae,rmse,mape,wape,bias
MovingAverage_7,0.44569897959183674,0.7945590549712052,45.4981275839494,32.159699596885524,-0.11522142857142857
MovingAverage_14,0.4589877551020408,0.8136430860202596,47.65796589627531,33.11855983212767,-0.09370714285714288
LastValue,0.5095357142857142,0.8317695851960102,56.91001623073113,36.76588068547867,0.07170714285714287
SeasonalNaive_7,0.5299785714285714,0.9346108815972561,53.90252222643238,38.240948331400595,-0.11522142857142857
